"kind","branch","ref","commit","relative_directory","file_count"
"local","codex/fix-ai-setup","refs/heads/codex/fix-ai-setup","6040f8e5416d75481b37e2a52fae0928c3ca9661","branches/local/codex/fix-ai-setup","243"
"local","codex/fix-signing-secret-redaction","refs/heads/codex/fix-signing-secret-redaction","911d45cc267d8972dd7b65d6cf260bd6e7a779db","branches/local/codex/fix-signing-secret-redaction","173"
"local","codex/mvp-release-completion","refs/heads/codex/mvp-release-completion","77786b4c23b6abcf000120e43c78230500c6f01d","branches/local/codex/mvp-release-completion","274"
"local","codex/release-audit-p06-p15","refs/heads/codex/release-audit-p06-p15","911d45cc267d8972dd7b65d6cf260bd6e7a779db","branches/local/codex/release-audit-p06-p15","173"
"local","feature/backend-integration","refs/heads/feature/backend-integration","2874de18cfa1ed9fabbf04fa4f3b9af694e895a4","branches/local/feature/backend-integration","133"
"local","feature/flutter-desktop","refs/heads/feature/flutter-desktop","c3a61e47a9a6e64472a8bf5ed26f9e1b001622ec","branches/local/feature/flutter-desktop","115"
"local","feature/flutter-desktop-v2","refs/heads/feature/flutter-desktop-v2","e8ebf7c657db5379b98a384c947250e8096499db","branches/local/feature/flutter-desktop-v2","88"
"local","test/mvp-integration","refs/heads/test/mvp-integration","911d45cc267d8972dd7b65d6cf260bd6e7a779db","branches/local/test/mvp-integration","173"
"remote","origin/codex/fix-ai-setup","refs/remotes/origin/codex/fix-ai-setup","6040f8e5416d75481b37e2a52fae0928c3ca9661","branches/remote/origin/codex/fix-ai-setup","243"
"remote","origin/feature/ai-analysis-engine","refs/remotes/origin/feature/ai-analysis-engine","ea9bdd5b6df690df93ae82d7e47a0cdebb3f1700","branches/remote/origin/feature/ai-analysis-engine","43"
"remote","origin/feature/ai-coaching-contract","refs/remotes/origin/feature/ai-coaching-contract","7fa4dacb84df4d9fde0dfa4fff130229e389fe0b","branches/remote/origin/feature/ai-coaching-contract","47"
"remote","origin/feature/ai-coaching-engine","refs/remotes/origin/feature/ai-coaching-engine","0af2bc29b8802f9bc8b3536ae83eb50be99d7e49","branches/remote/origin/feature/ai-coaching-engine","44"
"remote","origin/feature/ai-guardian-contract","refs/remotes/origin/feature/ai-guardian-contract","ec78486e4a292093a1087618171bf94d0a786e6c","branches/remote/origin/feature/ai-guardian-contract","42"
"remote","origin/feature/ai-patch-generator","refs/remotes/origin/feature/ai-patch-generator","6efa548ab78a2b93075a395b777b2fe30206f403","branches/remote/origin/feature/ai-patch-generator","48"
"remote","origin/feature/backend-integration","refs/remotes/origin/feature/backend-integration","2874de18cfa1ed9fabbf04fa4f3b9af694e895a4","branches/remote/origin/feature/backend-integration","133"
"remote","origin/feature/flutter-desktop","refs/remotes/origin/feature/flutter-desktop","c8dfd9f4e1309ad96507d4bfe3fd77e2355fbd18","branches/remote/origin/feature/flutter-desktop","81"
"remote","origin/feature/flutter-desktop-v2","refs/remotes/origin/feature/flutter-desktop-v2","e8ebf7c657db5379b98a384c947250e8096499db","branches/remote/origin/feature/flutter-desktop-v2","88"
"remote","origin/main","refs/remotes/origin/main","77786b4c23b6abcf000120e43c78230500c6f01d","branches/remote/origin/main","274"
"remote","origin/master","refs/remotes/origin/master","c6114639d6c5dd43ae4db5e4be6cfb9b753b9c97","branches/remote/origin/master","93"
